Group,Members
1,"dbqzmqxjos, rftrbxbkdl, asafvxevcd, xkoidzldie, "
2,"uqhkynmsse, qpwypbqgni, slvubeglvy, zwkoowshdv, "
3,"nrwxkyzklu, wpklglvwdi, "
4,"mjilubyayb, faeasyvdyt, beaqmlcczm, zduiamsoia, "
5,"eqwrtenrmj, pjlysadups, vcwcagrgwo, vjtotvamvk, "
6,"csntbduqtd, vqzdwqkwtf, rvkkwbtzer, "
7,"icajjdmwlv, coqdouvtfk, cjrzpptolx, vqnicjcdyl, "
8,"oifwsmxuuh, qihtokrzkp, xyphczmnun, zjymizclei, "
9,"dhjmujchol, kmxgrmksxm, stsdorwpcq, tpcaizzozh, "
10,"gfudonpdlt, mjugorrsep, mkgrimervy, mnjftlglyt, "
11,"fxxzhnuiir, bbbdjbgaom, hsmqgyjeqq, klvsradixm, "
12,"motuzrmtrr, cafwawyjrg, "
13,"mkojlofrhe, btuoyytzsf, nellpalzkn, dzrgtcpoab, "
14,"hzxuweegdt, aaxgxbxidx, lcclbawybw, ldcpypenyg, "
15,"ykgfttvrmp, edecenoxeh, pyhgmzzgnc, rfblyhrkyi, "
